Tag,Unidad
OHLM01632746,306
CPFI11071079,307
CPFI10972420,1560
CPFI10972370,1562
CPFI10972281,1563
OHLM01386300,1566
OHLM01386325,1567
CPFI10010108,1569
OHLM01386283,1572
CPFI11047510,1575
OHLM01386297,1580
OHLM01644842,1586
OHLM01386286,1600
OHLM01632841,1604
OHLM01644849,1618
CPFI11047537,1622
OHLM01632735,1627
OHLM01644800,1627
CPFI11071130,1628
CPFI11047539,1629
CPFI11047526,1630
OHLM02010101,1632
CPFI11047529,1633
OHLM01632734,1634
CPFI11047511,1635
CPFI11071128,1636
CPFI11071126,1637
OHLM01148430,1639
OHLM01644831,1639
CPFI11047544,1640
CPFI11047541,1641
OHLM01644841,1641
OHLM01632733,1642
CPFI10010125,1642
CPFI11071129,1643
OHLM02010082,1643
CPFI10972407,1649
OHLM02010131,1649
CPFI10010138,1657
OHLM01632779,1658
OHLM01632845,1659
CPFI11047360,1660
CPFI11024901,1661
OHLM02010073,1661
OHLM02010134,1662
OHLM01386295,1663
CPFI11071106,1664
OHLM01632749,1665
CPFI10010129,1666
CPFI11071096,1667
CPFI11024907,1668
CPFI11024908,1669
CPFI11024909,1670
CPFI11024910,1671
OHLM01632729,1672
OHLM01632808,1673
CPFI10010105,1674
OHLM01386308,1675
OHLM01644806,1675
CPFI11024915,1676
OHLM01632754,1676
OHLM02010070,1676
CPFI11047519,1677
CPFI10010143,1678
CPFI11047507,1679
OHLM02010133,1679
OHLM01632775,1680
OHLM01632726,1682
OHLM01386320,1683
CPFI11024934,1684
OHLM02010141,1685
OHLM01386318,1687
OHLM02010099,1687
CPFI11024930,1688
OHLM01386280,1689
OHLM02010071,1690
OHLM01632782,1691
CPFI11047361,1692
OHLM02010062,1692
OHLM01632776,1693
CPFI10010137,1694
OHLM01383228,1695
OHLM01632755,1696
OHLM01632836,1697
OHLM01383253,1698
CPFI11047370,1701
OHLM01644834,1701
OHLM01383243,1702
CPFI11047373,1704
OHLM02010139,1704
CPFI11047374,1705
OHLM01644820,1705
OHLM01632825,1706
OHLM01632720,1707
CPFI11047377,1708
OHLM01386327,1709
CPFI11047379,1710
CPFI11047380,1711
CPFI11071122,1712
OHLM01632728,1713
OHLM01383224,1714
OHLM01381303,1715
OHLM01381280,1716
OHLM01381288,1717
OHLM01632826,1718
CPFI11047404,1719
1400010955,1720
OHLM01644799,1720
OHLM01644772,1721
OHLM01381304,1722
OHLM01632771,1723
OHLM01381297,1724
OHLM01380783,1725
OHLM01632813,1726
CPFI11047412,1727
OHLM01644825,1727
OHLM01381281,1728
OHLM01632827,1729
OHLM01381290,1730
OHLM01386292,1730
CPFI11047416,1731
OHLM01644833,1731
OHLM01632842,1732
OHLM01644817,1732
CPFI11047418,1733
OHLM02010061,1733
CPFI11071086,1734
OHLM01632777,1735
OHLM01381293,1736
OHLM01644754,1737
OHLM01386319,1738
OHLM01632830,1739
OHLM01380781,1740
OHLM01644753,1741
OHLM02010132,1742
OHLM01644771,1743
1400010977,1743
OHLM01644801,1745
CPFI11047441,1746
OHLM01644819,1746
OHLM01380784,1747
OHLM01386311,1748
CPFI11071111,1749
CPFI11047445,1750
OHLM01632834,1751
CPFI10913529,1752
CPFI11047448,1753
OHLM01644838,1753
OHLM02010066,1753
OHLM01386281,1754
OHLM01632724,1755
OHLM01386279,1756
CPFI11047453,1757
OHLM02010137,1757
OHLM01632740,1758
CPFI11047462,1759
OHLM01644830,1759
CPFI11047463,1760
OHLM02010056,1760
OHLM01632811,1761
OHLM01644813,1761
CPFI11047465,1762
OHLM01644767,1763
CPFI11047467,1764
OHLM02010059,1764
CPFI11047468,1765
OHLM01632837,1766
1400024709,1766
CPFI10010139,1767
CPFI11047471,1768
OHLM02010129,1768
CPFI10010126,1769
OHLM01632772,1770
OHLM01644790,1774
OHLM01632835,1777
OHLM01381316,1778
OHLM01381317,1779
OHLM01381318,1780
OHLM01381320,1782
OHLM01381321,1783
OHLM01644752,1784
OHLM01381323,1785
OHLM01644843,1785
OHLM01381324,1786
OHLM01381325,1787
CPFI11071034,1788
OHLM01644832,1788
OHLM01632778,1789
OHLM01644805,1790
CPFI11071037,1791
OHLM02010097,1791
OHLM02010142,1792
CPFI11071038,1792
OHLM01632861,1793
CPFI11071040,1794
OHLM01632833,1795
OHLM01632719,1796
CPFI11071043,1797
OHLM01644812,1797
OHLM01386314,1798
OHLM01632721,1799
1400024711,1800
OHLM01644824,1800
OHLM01632838,1800
OHLM01644763,1800
CPFI11071047,1801
OHLM01632832,1801
CPFI11071048,1802
OHLM01632814,1803
1400018730,1803
1400024708,1804
OHLM01632807,1804
OHLM01644769,1805
1400018732,1805
1400018733,1806
CPFI11071052,1806
CPFI11071053,1807
1400024707,1808
OHLM01632774,1808
OHLM01632816,1809
OHLM01644768,1810
CPFI11071110,1811
1400017317,1812
CPFI11071103,1812
1400017332,1813
CPFI11071104,1813
OHLM01644811,1813
OHLM02010118,1814
OHLM01381301,1814
OHLM01644835,1815
OHLM01381299,1816
OHLM01381282,1817
OHLM01632831,1818
OHLM01381284,1819
OHLM01386293,1820
OHLM01632866,1821
OHLM01644762,1822
OHLM01148437,1823
OHLM01644802,1823
OHLM01644840,1824
OHLM01148436,1824
OHLM01148431,1825
OHLM01380786,1826
OHLM02010126,1827
CPFI11071066,1827
CPFI11071067,1828
OHLM02010063,1828
OHLM01632864,1829
CPFI11071069,1830
OHLM01386298,1831
CPFI10010152,1832
CPFI10010153,1833
OHLM02010057,1833
CPFI10010122,1834
1400018750,1834
OHLM01644821,1834
CPFI10010151,1835
CPFI10010140,1836
CPFI10010154,1837
CPFI10010141,1838
CPFI10010142,1839
OHLM01632770,1846
OHLM01632759,1847
OHLM01632762,1848
OHLM01632764,1849
OHLM01632756,1850
OHLM01644823,1851
OHLM01632766,1852
OHLM01632757,1853
OHLM01644755,1853
OHLM01632828,1854
OHLM01632758,1855
OHLM01632763,1856
1400018746,1856
1400018748,1856
1400018747,1857
OHLM01632760,1857
OHLM01632765,1858
OHLM01632761,1859
OHLM01632744,1860
OHLM01632743,1861
OHLM01632742,1862
OHLM01632741,1863
OHLM01632839,1864
OHLM01632722,1865
OHLM01632738,1866
OHLM01632745,1867
OHLM01632751,1868
OHLM01632752,1869
OHLM01644846,1869
OHLM01632849,1870
OHLM01632853,1871
OHLM01632852,1872
OHLM01632847,1873
OHLM01632854,1874
OHLM01632850,1875
OHLM02010136,1875
OHLM01632848,1876
OHLM01632851,1877
OHLM02010125,1878
OHLM01632856,1878
OHLM01632858,1879
OHLM01632857,1880
OHLM01632859,1881
OHLM01632855,1882
OHLM01632805,1883
OHLM01632822,1884
OHLM01632821,1885
OHLM01632820,1886
OHLM01632819,1887
OHLM01632818,1888
OHLM01632817,1889
OHLM01632803,1890
OHLM02010096,1890
OHLM02010072,1891
OHLM01632785,1892
OHLM01632796,1893
OHLM01632804,1894
OHLM01632801,1895
OHLM01632800,1896
OHLM02010144,1896
OHLM01632790,1897
OHLM01632793,1898
OHLM01644818,1898
OHLM01632799,1899
OHLM01632794,1900
OHLM01632806,1901
OHLM01632788,1902
OHLM01632786,1903
OHLM01632783,1904
OHLM01632797,1905
OHLM02010102,1905
OHLM01632802,1906
OHLM01644814,1907
OHLM01632795,1908
OHLM01632798,1909
OHLM01632789,1910
OHLM01644756,1911
OHLM01632792,1912
OHLM01644773,1913
OHLM01644774,1914
OHLM01644775,1915
OHLM01644776,1916
OHLM01644777,1917
OHLM01644778,1918
OHLM01644779,1919
OHLM01644780,1920
OHLM01644781,1921
OHLM01644782,1922
OHLM01644783,1923
OHLM01644784,1924
OHLM01644785,1925
OHLM01644816,1925
OHLM01644786,1926
OHLM01644787,1927
OHLM01644788,1928
OHLM01644789,1929
OHLM01644837,1930
OHLM01644827,1931
OHLM01644828,1932
OHLM02010048,1933
OHLM02010050,1934
OHLM02010051,1935
OHLM02010052,1936
OHLM02010053,1937
OHLM02010054,1938
OHLM02010055,1939
OHLM02010049,1940
OHLM02010087,1941
OHLM02010086,1942
OHLM02010085,1943
OHLM02010084,1944
OHLM02010083,1945
OHLM02010124,1945
OHLM02010094,1946
OHLM02010130,1946
OHLM02010093,1947
OHLM02010092,1948
OHLM02010091,1949
OHLM02010127,1949
OHLM02010090,1950
OHLM02010079,1951
OHLM02010078,1952
OHLM02010077,1953
OHLM02010076,1954
OHLM02010075,1955
OHLM02010074,1956
OHLM02010080,1957
OHLM02010081,1958
OHLM02010088,1959
OHLM02010089,1960
OHLM02010068,1961
OHLM02010147,1962
OHLM02010145,1963
OHLM02010146,1964
OHLM02010143,1965
OHLM02010116,1966
OHLM02010103,1967
OHLM02010104,1968
OHLM02010105,1969
OHLM02010113,1970
OHLM02010112,1971
OHLM02010111,1972
OHLM02010110,1973
OHLM02010109,1974
OHLM02010120,1974
OHLM02010108,1975